ent	type	podcast
First Draft	ORGANIZATION	firstdraft.txt
Sarah Enni	PERSON	firstdraft.txt
THE WEDDING DATE	WORK OF ART	firstdraft.txt
Jasmine Guillory	PERSON	firstdraft.txt
February 2018	DATE	firstdraft.txt
First Draft	ORGANIZATION	firstdraft.txt
Misfits and Daydreamers	ORGANIZATION	firstdraft.txt
New York Times	ORGANIZATION	firstdraft.txt
Susan Dennard	PERSON	firstdraft.txt
TRUTHWITCH Series	WORK OF ART	firstdraft.txt
SOMETHING STRANGE AND DEADLY Series	WORK OF ART	firstdraft.txt
Susan	PERSON	firstdraft.txt
Susan	PERSON	firstdraft.txt
5,500	CARDINAL	firstdraft.txt
Misfits and Daydreamers	ORGANIZATION	firstdraft.txt
First Draft	ORGANIZATION	firstdraft.txt
Susan	PERSON	firstdraft.txt
Susan	PERSON	firstdraft.txt
First Draft	ORGANIZATION	firstdraft.txt
this week	DATE	firstdraft.txt
First Draft	ORGANIZATION	firstdraft.txt
First Draft	ORGANIZATION	firstdraft.txt
Susan	PERSON	firstdraft.txt
Twitter	PRODUCT	firstdraft.txt
Facebook	PRODUCT	firstdraft.txt
Robin Benway	PERSON	firstdraft.txt
Audrey, Wait!	WORK OF ART	firstdraft.txt
Emmy & Oliver	WORK OF ART	firstdraft.txt
Far From the Tree	WORK OF ART	firstdraft.txt
2017	DATE	firstdraft.txt
Robin	PERSON	firstdraft.txt
Robins	PERSON	firstdraft.txt
Los Angeles	LOCATION	firstdraft.txt
Far from the Tree	WORK OF ART	firstdraft.txt
Robin	PERSON	firstdraft.txt
Far from the tree	WORK OF ART	firstdraft.txt
Far from the Tree	WORK OF ART	firstdraft.txt
Grace	PERSON	firstdraft.txt
Grace	PERSON	firstdraft.txt
Joaquin	PERSON	firstdraft.txt
Maya	PERSON	firstdraft.txt
Maya	PERSON	firstdraft.txt
Grace	PERSON	firstdraft.txt
Joaquin	PERSON	firstdraft.txt
Joaquin	PERSON	firstdraft.txt
Grace	PERSON	firstdraft.txt
Maya	PERSON	firstdraft.txt
Far from the Tree	WORK OF ART	firstdraft.txt
Emmy & Oliver	WORK OF ART	firstdraft.txt
Kristen Pettit	PERSON	firstdraft.txt
Harper	ORGANIZATION	firstdraft.txt
Emmy & Oliver	WORK OF ART	firstdraft.txt
Costco	ORGANIZATION	firstdraft.txt
Florence & the Machine	ORGANIZATION	firstdraft.txt
Cosmic Love	WORK OF ART	firstdraft.txt
Audrey	WORK OF ART	firstdraft.txt
Far from the Tree	WORK OF ART	firstdraft.txt
Emmy & Oliver	WORK OF ART	firstdraft.txt
Far from the Tree	WORK OF ART	firstdraft.txt
year-and-a-half	DATE	firstdraft.txt
summer 2016	DATE	firstdraft.txt
October of 2017	DATE	firstdraft.txt
Far from the Tree	WORK OF ART	firstdraft.txt
thousand	CARDINAL	firstdraft.txt
 Far from the Tree	WORK OF ART	firstdraft.txt
401K	PRODUCT	firstdraft.txt
two weeks	DATE	firstdraft.txt
Audrey	WORK OF ART	firstdraft.txt
ten years	DATE	firstdraft.txt
April	DATE	firstdraft.txt
four	CONCEPT	firstdraft.txt
year	DATE	firstdraft.txt
year	DATE	firstdraft.txt
Audrey	WORK OF ART	firstdraft.txt
Tweet	PRODUCT	firstdraft.txt
Far from the Tree	WORK OF ART	firstdraft.txt
million	CONCEPT	firstdraft.txt
Costco	ORGANIZATION	firstdraft.txt
Emmy & Oliver	WORK OF ART	firstdraft.txt
years	DATE	firstdraft.txt
Far from the Tree	WORK OF ART	firstdraft.txt
July 7th	DATE	firstdraft.txt
Instagram	PRODUCT	firstdraft.txt
July 7th 2015	DATE	firstdraft.txt
Emmy & Oliver	WORK OF ART	firstdraft.txt
Emmy & Oliver	WORK OF ART	firstdraft.txt
2015	DATE	firstdraft.txt
first	ORGANIZATION	firstdraft.txt
one hundred	CONCEPT	firstdraft.txt
Grace	PERSON	firstdraft.txt
Maya	PERSON	firstdraft.txt
Mayas	PERSON	firstdraft.txt
Maya	PERSON	firstdraft.txt
one hundred	CARDINAL	firstdraft.txt
2016	DATE	firstdraft.txt
May 15th	DATE	firstdraft.txt
five month	DATE	firstdraft.txt
Russian	NORP	firstdraft.txt
Grace	PERSON	firstdraft.txt
Gretchen McNeil	PERSON	firstdraft.txt
First Draft	ORGANIZATION	firstdraft.txt
Joaquin	PERSON	firstdraft.txt
Mexican	NORP	firstdraft.txt
Gretchen	PERSON	firstdraft.txt
Mexican	NORP	firstdraft.txt
Saturday	DATE	firstdraft.txt
Grace	PERSON	firstdraft.txt
Mexican	NORP	firstdraft.txt
Maya	PERSON	firstdraft.txt
February	DATE	firstdraft.txt
March	DATE	firstdraft.txt
May 15th	DATE	firstdraft.txt
Joaquin	PERSON	firstdraft.txt
Latino	NORP	firstdraft.txt
Mexican	NORP	firstdraft.txt
Hispanic	NORP	firstdraft.txt
Latinx	NORP	firstdraft.txt
Spanish	LANGUAGE	firstdraft.txt
Joaquin	PERSON	firstdraft.txt
seventeen	CARDINAL	firstdraft.txt
Spanish	LANGUAGE	firstdraft.txt
Sunday	DATE	firstdraft.txt
Mexico	GPE	firstdraft.txt
Joaquin	PERSON	firstdraft.txt
Joaquin	PERSON	firstdraft.txt
Mexico	GPE	firstdraft.txt
Costa Rica	GPE	firstdraft.txt
Costa Rica	GPE	firstdraft.txt
Chicano studies	CONCEPT	firstdraft.txt
CSUN, Cal State Northridge	ORGANIZATION	firstdraft.txt
Joaquin	PERSON	firstdraft.txt
Joaquin	PERSON	firstdraft.txt
Jewish	NORP	firstdraft.txt
Wiki-lite	NORP	firstdraft.txt
white	NORP	firstdraft.txt
Joaquin	PERSON	firstdraft.txt
Joaquin	PERSON	firstdraft.txt
Joaquin	PERSON	firstdraft.txt
Joaquin	PERSON	firstdraft.txt
Maya	PERSON	firstdraft.txt
Mayas	PERSON	firstdraft.txt
Maya	PERSON	firstdraft.txt
Mayas	PERSON	firstdraft.txt
Claire	PERSON	firstdraft.txt
Claire	PERSON	firstdraft.txt
Maya	PERSON	firstdraft.txt
Maya	PERSON	firstdraft.txt
Claire	PERSON	firstdraft.txt
Al-Anon	ORGANIZATION	firstdraft.txt
Maya	PERSON	firstdraft.txt
Lauren	PERSON	firstdraft.txt
Maya	PERSON	firstdraft.txt
Maya	PERSON	firstdraft.txt
Lauren	PERSON	firstdraft.txt
Maya	PERSON	firstdraft.txt
Lauren	PERSON	firstdraft.txt
Mayas	PERSON	firstdraft.txt
Maya	PERSON	firstdraft.txt
Grace	PERSON	firstdraft.txt
Joaquin	PERSON	firstdraft.txt
Grace	PERSON	firstdraft.txt
Joaquin	PERSON	firstdraft.txt
Joaquin	PERSON	firstdraft.txt
Maya	PERSON	firstdraft.txt
Maya	PERSON	firstdraft.txt
Maya	PERSON	firstdraft.txt
Joaquin	PERSON	firstdraft.txt
Latinx	NORP	firstdraft.txt
seventeen	CARDINAL	firstdraft.txt
Maya	PERSON	firstdraft.txt
twenty	CARDINAL	firstdraft.txt
Joaquin	PERSON	firstdraft.txt
Maya	PERSON	firstdraft.txt
two-thirds	CARDINAL	firstdraft.txt
two weeks	DATE	firstdraft.txt
Maurene Goo	PERSON	firstdraft.txt
First Draft	ORGANIZATION	firstdraft.txt
Mayas	PERSON	firstdraft.txt
Mayas	PERSON	firstdraft.txt
Maurene	PERSON	firstdraft.txt
three thousand	CARDINAL	firstdraft.txt
an hour	TIME	firstdraft.txt
Maurene	PERSON	firstdraft.txt
Dinosaur	FACILITY	firstdraft.txt
three to four thousand	CARDINAL	firstdraft.txt
Grace	PERSON	firstdraft.txt
Maya	PERSON	firstdraft.txt
Joaquin	PERSON	firstdraft.txt
Joaquin	PERSON	firstdraft.txt
Oscar Isaac	PERSON	firstdraft.txt
Oscar	PERSON	firstdraft.txt
Oscar Isaac	PERSON	firstdraft.txt
Grace	PERSON	firstdraft.txt
Maya	PERSON	firstdraft.txt
Joaquin	PERSON	firstdraft.txt
Daily Beast	ORGANIZATION	firstdraft.txt
Joaquin	PERSON	firstdraft.txt
Joaquin	PERSON	firstdraft.txt
Joaquin	PERSON	firstdraft.txt
Twitter	PRODUCT	firstdraft.txt
Joaquin	PERSON	firstdraft.txt
year-and-a-half.	DATE	firstdraft.txt
Brandy Colbert	PERSON	firstdraft.txt
First Draft	ORGANIZATION	firstdraft.txt
LITTLE & LION	WORK OF ART	firstdraft.txt
Twitter	PRODUCT	firstdraft.txt
three weeks	DATE	firstdraft.txt
Far from the Tree	WORK OF ART	firstdraft.txt
Tweet	PRODUCT	firstdraft.txt
Far from the Tree	WORK OF ART	firstdraft.txt
Emmy & Oliver	WORK OF ART	firstdraft.txt
Tweet	PRODUCT	firstdraft.txt
Tweet	PRODUCT	firstdraft.txt
New Yorker	ORGANIZATION	firstdraft.txt
National Book Foundation	ORGANIZATION	firstdraft.txt
Elana Arnolds	PERSON	firstdraft.txt
First Draft	ORGANIZATION	firstdraft.txt
Elana	PERSON	firstdraft.txt
Twitter	PRODUCT	firstdraft.txt
Far from the Tree	WORK OF ART	firstdraft.txt
five in the morning	TIME	firstdraft.txt
Twitter	PRODUCT	firstdraft.txt
two-and-a-half weeks	DATE	firstdraft.txt
Robin	PERSON	firstdraft.txt
New York	LOCATION	firstdraft.txt
New York	LOCATION	firstdraft.txt
LA	LOCATION	firstdraft.txt
Far from the Tree	WORK OF ART	firstdraft.txt
One hundred percent	PERCENT	firstdraft.txt
one	CONCEPT	firstdraft.txt
 nine-thirty	TIME	firstdraft.txt
ten	TIME	firstdraft.txt
ten years	DATE	firstdraft.txt
five	CARDINAL	firstdraft.txt
Far from the Tree	WORK OF ART	firstdraft.txt
Far from the Tree	WORK OF ART	firstdraft.txt
Emmy & Oliver	WORK OF ART	firstdraft.txt
Emmy & Oliver	WORK OF ART	firstdraft.txt
Emmy & Oliver	WORK OF ART	firstdraft.txt
Far from the Tree	WORK OF ART	firstdraft.txt
Far from the Tree	WORK OF ART	firstdraft.txt
Cal State Northridge	ORGANIZATION	firstdraft.txt
Brandy	PERSON	firstdraft.txt
Brandys	PERSON	firstdraft.txt
Orange County, California	GPE	firstdraft.txt
Latina	NORP	firstdraft.txt
thousand	CARDINAL	firstdraft.txt
NPR	ORGANIZATION	firstdraft.txt
New York Times	ORGANIZATION	firstdraft.txt
Instagram	PRODUCT	firstdraft.txt
Instagram	PRODUCT	firstdraft.txt
Far from the Tree	WORK OF ART	firstdraft.txt
Far from the Tree	WORK OF ART	firstdraft.txt
Joaquins	PERSON	firstdraft.txt
Graces	PERSON	firstdraft.txt
Maya	PERSON	firstdraft.txt
four	CARDINAL	firstdraft.txt
Far from the Tree	WORK OF ART	firstdraft.txt
Kari Russell	PERSON	firstdraft.txt
Felicity	WORK OF ART	firstdraft.txt
J.J. Abrams	PERSON	firstdraft.txt
Robin	PERSON	firstdraft.txt
Far from the Tree	WORK OF ART	firstdraft.txt
Ira Glass	PERSON	kevin.txt
Not All Who Wander Are Lost, But Some Definitely Are	WORK OF ART	kevin.txt
James Spring	PERSON	kevin.txt
Kevin	PERSON	kevin.txt
40	CARDINAL	kevin.txt
two	CARDINAL	kevin.txt
$1,000	MONEY	kevin.txt
yogurt shop	FACILITY	kevin.txt
Kevin's	PERSON	kevin.txt
21	CARDINAL	kevin.txt
Mexico	GPE	kevin.txt
Baja	GPE	kevin.txt
Jeep	PRODUCT	kevin.txt
Spanish	LOCATION	kevin.txt
Kevin's	PERSON	kevin.txt
Baja	GPE	kevin.txt
Kevin's	PERSON	kevin.txt
Kevin	PERSON	kevin.txt
20	CARDINAL	kevin.txt
Kevin	PERSON	kevin.txt
Baja	GPE	kevin.txt
San Diego	GPE	kevin.txt
Jeep	PRODUCT	kevin.txt
Mexico	GPE	kevin.txt
Aztecs	NORP	kevin.txt
Mayan	NORP	kevin.txt
Central America	GPE	kevin.txt
Jeep	PRODUCT	kevin.txt
Lacandon Mayans	NORP	kevin.txt
Mesoamerican hieroglyphs	LANGUAGE	kevin.txt
Kevin	PERSON	kevin.txt
Palenque	LOCATION	kevin.txt
Chichn Itz	LOCATION	kevin.txt
Teotihuacan	LOCATION	kevin.txt
Uxmal	LOCATION	kevin.txt
Mitla	LOCATION	kevin.txt
Templo del Sol	LOCATION	kevin.txt
Mexico	GPE	kevin.txt
six or eight hours	TIME	kevin.txt
Kevin	PERSON	kevin.txt
Spanish	LANGUAGE	kevin.txt
Kevin	PERSON	kevin.txt
Mazatlan	GPE	kevin.txt
Puerto Vallarta	GPE	kevin.txt
Ixtln del Rio	LOCATION	kevin.txt
July 22, 3:01 PM	TIME	kevin.txt
4	CARDINAL	kevin.txt
six	CARDINAL	kevin.txt
Mesoamerican	NORP	kevin.txt
Kevin	PERSON	kevin.txt
Four	CARDINAL	kevin.txt
Blanca	PERSON	kevin.txt
Toltec	NORP	kevin.txt
Tula	LOCATION	kevin.txt
Aztec	NORP	kevin.txt
Tenayuca	LOCATION	kevin.txt
Santa Cecilia	LOCATION	kevin.txt
Teotihuacan	LOCATION	kevin.txt
Kevin	PERSON	kevin.txt
Kevin	PERSON	kevin.txt
Aztec	NORP	kevin.txt
Mayan	NORP	kevin.txt
Kevin	PERSON	kevin.txt
Mexico	GPE	kevin.txt
Kevin	PERSON	kevin.txt
Mexican	NORP	kevin.txt
English	LOCATION	kevin.txt
Kevin	PERSON	kevin.txt
Kevin	PERSON	kevin.txt
Kevin's	PERSON	kevin.txt
Kevin	PERSON	kevin.txt
Mexico City	GPE	kevin.txt
Oaxaca	GPE	kevin.txt
Kevin	PERSON	kevin.txt
Campeche	LOCATION	kevin.txt
Yucatan	GPE	kevin.txt
Kevin	PERSON	kevin.txt
Cancun	GPE	kevin.txt
Cancun	GPE	kevin.txt
Isla Mujeres	LOCATION	kevin.txt
Kevin	PERSON	kevin.txt
100%	PERCENT	kevin.txt
Cancun airport	FACILITY	kevin.txt
Kevin	PERSON	kevin.txt
San Diego	GPE	kevin.txt
Belize	GPE	kevin.txt
Guatemala	GPE	kevin.txt
Mexico	GPE	kevin.txt
Lista de Correios	GPE	kevin.txt
Kevin	PERSON	kevin.txt
Kevin	PERSON	kevin.txt
San Diego	GPE	kevin.txt
Mexico	GPE	kevin.txt
Kevin	PERSON	kevin.txt
Mexico	GPE	kevin.txt
Kevin	PERSON	kevin.txt
Kevin	PERSON	kevin.txt
Dad and Kathy's on Cove Drive	FACILITY	kevin.txt
Kathy	PERSON	kevin.txt
Lakeside	GPE	kevin.txt
Kevin	PERSON	kevin.txt
CPS	ORGANIZATION	kevin.txt
Cove Drive	FACILITY	kevin.txt
Kevin	PERSON	kevin.txt
Mexico	GPE	kevin.txt
Kevin	PERSON	kevin.txt
Kevin	PERSON	kevin.txt
Kevin	PERSON	kevin.txt
Kevin	PERSON	kevin.txt
Move Your DNA	ORGANIZATION	moveyourdna.txt
Katy Bowman	PERSON	moveyourdna.txt
Katy Bowman	PERSON	moveyourdna.txt
Move Your DNA	WORK OF ART	moveyourdna.txt
Move Your DNA	ORGANIZATION	moveyourdna.txt
Incredible Wild Edibles: 36 plants that can change your lif	WORK OF ART	moveyourdna.txt
Sam Thayer	PERSON	moveyourdna.txt
Move Your DNA	ORGANIZATION	moveyourdna.txt
Earthrunners	ORGANIZATION	moveyourdna.txt
MyMayu	ORGANIZATION	moveyourdna.txt
Venn Design	ORGANIZATION	moveyourdna.txt
Unshoes	ORGANIZATION	moveyourdna.txt
Softstar Shoes	ORGANIZATION	moveyourdna.txt
Katy	PERSON	moveyourdna.txt
7	CARDINAL	moveyourdna.txt
8	CARDINAL	moveyourdna.txt
7-10	CARDINAL	moveyourdna.txt
Tylenol	PRODUCT	moveyourdna.txt
 20s	CARDINAL	moveyourdna.txt
8 hours	TIME	moveyourdna.txt
18 months	DATE	moveyourdna.txt
vasodilation effect	CONCEPT	moveyourdna.txt
Tylenol	PRODUCT	moveyourdna.txt
6	CARDINAL	moveyourdna.txt
Tylenol	PRODUCT	moveyourdna.txt
a year	DATE	moveyourdna.txt
6	CARDINAL	moveyourdna.txt
a month	DATE	moveyourdna.txt
calf stretch	ORGANIZATION	moveyourdna.txt
Whole Body Barefoot	WORK OF ART	moveyourdna.txt
Whole Body Barefoot	WORK OF ART	moveyourdna.txt
Venn Design	ORGANIZATION	moveyourdna.txt
Earthrunner	ORGANIZATION	moveyourdna.txt
MyMayu	ORGANIZATION	moveyourdna.txt
Unshoes	ORGANIZATION	moveyourdna.txt
Softstar shoes	ORGANIZATION	moveyourdna.txt
Sam Thayer	PERSON	moveyourdna.txt
Sams	PERSON	moveyourdna.txt
wild food foraging	CONCEPT	moveyourdna.txt
The Foragers Harvest	WORK OF ART	moveyourdna.txt
Natures Garden	WORK OF ART	moveyourdna.txt
Incredible Wild Edibles	WORK OF ART	moveyourdna.txt
foraging for wild food	CONCEPT	moveyourdna.txt
5	CARDINAL	moveyourdna.txt
foraging	WORK OF ART	moveyourdna.txt
4	CARDINAL	moveyourdna.txt
5	CARDINAL	moveyourdna.txt
600 miles	QUANTITY	moveyourdna.txt
cultural knowledge	CONCEPT	moveyourdna.txt
12	CARDINAL	moveyourdna.txt
16	CARDINAL	moveyourdna.txt
70 years	DATE	moveyourdna.txt
 70-year-old	DATE	moveyourdna.txt
forage	CONCEPT	moveyourdna.txt
forage	CONCEPT	moveyourdna.txt
countless generations	DATE	moveyourdna.txt
Yellowstone	LOCATION	moveyourdna.txt
Foraging	CONCEPT	moveyourdna.txt
plant knowledge	CONCEPT	moveyourdna.txt
million acres	QUANTITY	moveyourdna.txt
a million acres	QUANTITY	moveyourdna.txt
forage	CONCEPT	moveyourdna.txt
Stalingrad	GPE	moveyourdna.txt
Hamburg Germany	GPE	moveyourdna.txt
New York City	GPE	moveyourdna.txt
Detroit	GPE	moveyourdna.txt
foraging	CONCEPT	moveyourdna.txt
somatic energy	CONCEPT	moveyourdna.txt
physical labor	CONCEPT	moveyourdna.txt
poverty	CONCEPT	moveyourdna.txt
physical activity	CONCEPT	moveyourdna.txt
6 hours	TIME	moveyourdna.txt
wild ricing season	DATE	moveyourdna.txt
labor	CONCEPT	moveyourdna.txt
 geometry configurations	CONCEPT	moveyourdna.txt
100 yards	QUANTITY	moveyourdna.txt
3/4 of a mile	QUANTITY	moveyourdna.txt
14	CARDINAL	moveyourdna.txt
16	CARDINAL	moveyourdna.txt
an hour and forty minutes	TIME	moveyourdna.txt
aerobic exercise	CONCEPT	moveyourdna.txt
13 to 15-gallon	QUANTITY	moveyourdna.txt
one	CARDINAL	moveyourdna.txt
eight	CARDINAL	moveyourdna.txt
ten	CARDINAL	moveyourdna.txt
20 minutes	TIME	moveyourdna.txt
25 minutes	TIME	moveyourdna.txt
European	NORP	moveyourdna.txt
 5000 years	DATE	moveyourdna.txt
physical labor	CONCEPT	moveyourdna.txt
sap season	DATE	moveyourdna.txt
16 or 18 hour days	TIME	moveyourdna.txt
ergonomics	CONCEPT	moveyourdna.txt
K-Bow	PERSON	moveyourdna.txt
K-Bow	PERSON	moveyourdna.txt
Simple Steps to Foot Pain Relief	WORK OF ART	moveyourdna.txt
Whole Body Barefoot	WORK OF ART	moveyourdna.txt
math	CONCEPT	moveyourdna.txt
geometry	CONCEPT	moveyourdna.txt
muscular force	CONCEPT	moveyourdna.txt
Simple Steps to Foot Pain Relief	WORK OF ART	moveyourdna.txt
Dr. Ray	PERSON	moveyourdna.txt
Correct Toes	PRODUCT	moveyourdna.txt
fifth	ORDINAL	moveyourdna.txt
geometry	CONCEPT	moveyourdna.txt
3	CARDINAL	moveyourdna.txt
Simple Steps	WORK OF ART	moveyourdna.txt
Move Your DNA	WORK OF ART	moveyourdna.txt
Unshoes	ORGANIZATION	moveyourdna.txt
Earthrunners	ORGANIZATION	moveyourdna.txt
MyMayu	ORGANIZATION	moveyourdna.txt
Venn Design	ORGANIZATION	moveyourdna.txt
Softstar	ORGANIZATION	moveyourdna.txt
18	CARDINAL	moveyourdna.txt
forager	CONCEPT	moveyourdna.txt
cultural sedentarism	CONCEPT	moveyourdna.txt
foraging	CONCEPT	moveyourdna.txt
foraging	CONCEPT	moveyourdna.txt
forage	CONCEPT	moveyourdna.txt
wild food foraging	CONCEPT	moveyourdna.txt
billions	CARDINAL	moveyourdna.txt
foraging	CONCEPT	moveyourdna.txt
forage	CONCEPT	moveyourdna.txt
forage	CONCEPT	moveyourdna.txt
forage	CONCEPT	moveyourdna.txt
labor	CONCEPT	moveyourdna.txt
foraging	CONCEPT	moveyourdna.txt
thousands	CARDINAL	moveyourdna.txt
thousands	CARDINAL	moveyourdna.txt
agriculture	CONCEPT	moveyourdna.txt
forage	CONCEPT	moveyourdna.txt
foraging	CONCEPT	moveyourdna.txt
gatherer	CONCEPT	moveyourdna.txt
hunter-gatherer	CONCEPT	moveyourdna.txt
foraging	CONCEPT	moveyourdna.txt
grammar	CONCEPT	moveyourdna.txt
syntax	CONCEPT	moveyourdna.txt
diet	CONCEPT	moveyourdna.txt
fishing	CONCEPT	moveyourdna.txt
forage	CONCEPT	moveyourdna.txt
30	CARDINAL	moveyourdna.txt
40	CARDINAL	moveyourdna.txt
foraging	CONCEPT	moveyourdna.txt
culinary sensibility	CONCEPT	moveyourdna.txt
foraging	CONCEPT	moveyourdna.txt
wild food	CONCEPT	moveyourdna.txt
wild food	CONCEPT	moveyourdna.txt
Billy Joe Tatum's Wild Food Cookbook	WORK OF ART	moveyourdna.txt
70s	DATE	moveyourdna.txt
Sam	PERSON	moveyourdna.txt
haute cuisine	CONCEPT	moveyourdna.txt
wild food	CONCEPT	moveyourdna.txt
Haute cuisine	CONCEPT	moveyourdna.txt
labor	CONCEPT	moveyourdna.txt
wild food	CONCEPT	moveyourdna.txt
wild foods	CONCEPT	moveyourdna.txt
wild food	CONCEPT	moveyourdna.txt
pacific northwest	LOCATION	moveyourdna.txt
pacific northwest	LOCATION	moveyourdna.txt
Movement Matters	WORK OF ART	moveyourdna.txt
forage	CONCEPT	moveyourdna.txt
Sam Thayer	PERSON	moveyourdna.txt
The Foragers Harvest	WORK OF ART	moveyourdna.txt
Natures Garden	WORK OF ART	moveyourdna.txt
Incredible Wild Edibles	WORK OF ART	moveyourdna.txt
Sam	PERSON	moveyourdna.txt
Katy	PERSON	moveyourdna.txt
Move Your DNA	ORGANIZATION	moveyourdna.txt
Katy Bowman	PERSON	moveyourdna.txt
May	DATE	ukfestivities.txt
workers rights	CONCEPT	ukfestivities.txt
Summer	DATE	ukfestivities.txt
September	DATE	ukfestivities.txt
Summer	DATE	ukfestivities.txt
week of sunshine	DATE	ukfestivities.txt
end of September	DATE	ukfestivities.txt
Cup Final	EVENT	ukfestivities.txt
Wembley Stadium	FACILITY	ukfestivities.txt
Englands	GPE	ukfestivities.txt
Brighton Fringe Festival	EVENT	ukfestivities.txt
May	DATE	ukfestivities.txt
Brighton	GPE	ukfestivities.txt
London	GPE	ukfestivities.txt
one hour	TIME	ukfestivities.txt
south coast of England	GPE	ukfestivities.txt
English	GPE	ukfestivities.txt
Brighton Fringe	EVENT	ukfestivities.txt
Fathers Day	EVENT	ukfestivities.txt
Fathers Day	EVENT	ukfestivities.txt
UK	GPE	ukfestivities.txt
Heel Stone	LOCATION	ukfestivities.txt
Stonehenge	LOCATION	ukfestivities.txt
long evening	TIME	ukfestivities.txt
11pm	TIME	ukfestivities.txt
Summers	EVENT	ukfestivities.txt
UK	GPE	ukfestivities.txt
21st	DATE	ukfestivities.txt
The Rolling Stones	ORGANIZATION	ukfestivities.txt
Coldplay	ORGANIZATION	ukfestivities.txt
Beyonce	PERSON	ukfestivities.txt
Kanye West	PERSON	ukfestivities.txt
Neil Young	PERSON	ukfestivities.txt
Bruce Springsteen	PERSON	ukfestivities.txt
BBC	ORGANIZATION	ukfestivities.txt
Glastonbury	EVENT	ukfestivities.txt
2017	DATE	ukfestivities.txt
Radiohead	ORGANIZATION	ukfestivities.txt
Saturday	DATE	ukfestivities.txt
Guns & Roses	ORGANIZATION	ukfestivities.txt
Rihanna	PERSON	ukfestivities.txt
 The Stone Roses	ORGANIZATION	ukfestivities.txt
The Foo Fighters	ORGANIZATION	ukfestivities.txt
Ed Sheeran	PERSON	ukfestivities.txt
Glasto	EVENT	ukfestivities.txt
Ramadan	EVENT	ukfestivities.txt
Eid	EVENT	ukfestivities.txt
Muslim	NORP	ukfestivities.txt
UK	GPE	ukfestivities.txt
London	GPE	ukfestivities.txt
Birmingham	GPE	ukfestivities.txt
Eid	EVENT	ukfestivities.txt
London	GPE	ukfestivities.txt
Ramadan	EVENT	ukfestivities.txt
Eid	EVENT	ukfestivities.txt
Islam	NORP	ukfestivities.txt
Islam	NORP	ukfestivities.txt
material pleasures	CONCEPT	ukfestivities.txt
melon	PRODUCT	ukfestivities.txt
British	NORP	ukfestivities.txt
Andy Murray	PERSON	ukfestivities.txt
2013	DATE	ukfestivities.txt
Andy	PERSON	ukfestivities.txt
5 days	DATE	ukfestivities.txt
10AM until the light fails in the evening	TIME	ukfestivities.txt
August	DATE	ukfestivities.txt
Edinburgh Festival Fringe	EVENT	ukfestivities.txt
4-26 August 2017	DATE	ukfestivities.txt
5th29th August 2016	DATE	ukfestivities.txt
Fringe	EVENT	ukfestivities.txt
40,000	CARDINAL	ukfestivities.txt
2,500	CARDINAL	ukfestivities.txt
250	CARDINAL	ukfestivities.txt
1 million	CARDINAL	ukfestivities.txt
Caribbean	NORP	ukfestivities.txt
Notting Hill Carnival	EVENT	ukfestivities.txt
16th20th 2016	DATE	ukfestivities.txt
London Fashion Week	EVENT	ukfestivities.txt
September

18-20th Sept 2017	DATE	ukfestivities.txt
London Fashion Week	EVENT	ukfestivities.txt
Paris	GPE	ukfestivities.txt
Milan	GPE	ukfestivities.txt
New York	GPE	ukfestivities.txt
Halloween	EVENT	ukfestivities.txt
Christian	NORP	ukfestivities.txt
All Hallows Eve	EVENT	ukfestivities.txt
Celtic	NORP	ukfestivities.txt
Samhain	EVENT	ukfestivities.txt
Halloween	EVENT	ukfestivities.txt
November	DATE	ukfestivities.txt
November	DATE	ukfestivities.txt
Movember	EVENT	ukfestivities.txt
Lewes	GPE	ukfestivities.txt
East Sussex	GPE	ukfestivities.txt
Guy Fawkes Night	EVENT	ukfestivities.txt
11th  Remembrance Day	EVENT	ukfestivities.txt
UK	GPE	ukfestivities.txt
11 November	DATE	ukfestivities.txt
World War 1	EVENT	ukfestivities.txt
The Royal British Legion charity	ORGANIZATION	ukfestivities.txt
Remembrance Day	EVENT	ukfestivities.txt
two-minute	TIME	ukfestivities.txt
11am	TIME	ukfestivities.txt
ceilidh	EVENT	ukfestivities.txt
Gaelic	NORP	ukfestivities.txt
Scotland	GPE	ukfestivities.txt
Diwali	EVENT	ukfestivities.txt
Thurs Oct 19 2017	DATE	ukfestivities.txt
Diwali	EVENT	ukfestivities.txt
Deepavali	EVENT	ukfestivities.txt
Festival of Lights	EVENT	ukfestivities.txt
Hindu	NORP	ukfestivities.txt
Sikh	NORP	ukfestivities.txt
Jain	NORP	ukfestivities.txt
Christmas	EVENT	ukfestivities.txt
Jamie Olivers	PERSON	ukfestivities.txt
Hogwarts in the Snow	EVENT	ukfestivities.txt
Harry Potter	PERSON	ukfestivities.txt
Leavesden	GPE	ukfestivities.txt
London	GPE	ukfestivities.txt
Hogwarts castle	FACILITY	ukfestivities.txt
Great Hall	FACILITY	ukfestivities.txt
Christmas dinner	EVENT	ukfestivities.txt
Birminghams	GPE	ukfestivities.txt
Frankfurt Christmas Market	EVENT	ukfestivities.txt
German	NORP	ukfestivities.txt
Germany	GPE	ukfestivities.txt
Austria	GPE	ukfestivities.txt
glhwein	PRODUCT	ukfestivities.txt
wursts	PRODUCT	ukfestivities.txt
sausages	PRODUCT	ukfestivities.txt
pretzels	PRODUCT	ukfestivities.txt
sweet treats	PRODUCT	ukfestivities.txt
mulled wine	PRODUCT	ukfestivities.txt
Craft Fair	EVENT	ukfestivities.txt
Christmas panto	EVENT	ukfestivities.txt
British	NORP	ukfestivities.txt
24th1st Jan	DATE	ukfestivities.txt
Hanukkah	EVENT	ukfestivities.txt
Jewish	NORP	ukfestivities.txt
UK	GPE	ukfestivities.txt
Hanukkah	EVENT	ukfestivities.txt
Chanukah	EVENT	ukfestivities.txt
Festival of Lights	EVENT	ukfestivities.txt
London	GPE	ukfestivities.txt
Trafalgar Square	LOCATION	ukfestivities.txt
Europe	GPE	ukfestivities.txt
26th	DATE	ukfestivities.txt
Boxing Day	EVENT	ukfestivities.txt
Christmas	EVENT	ukfestivities.txt
Boxing Day	EVENT	ukfestivities.txt
UK	GPE	ukfestivities.txt
Christmas	EVENT	ukfestivities.txt
Boxing Day	EVENT	ukfestivities.txt
Christmas	EVENT	ukfestivities.txt
May 4th	DATE	ukfestivities.txt
Star Wars day	EVENT	ukfestivities.txt
Yoga Girl Daily	ORGANIZATION	yogagirl.txt
Friday	DATE	yogagirl.txt
Friday	DATE	yogagirl.txt
Feel-Good Friday	EVENT	yogagirl.txt
Yoga Girl Daily	ORGANIZATION	yogagirl.txt
Monday	DATE	yogagirl.txt
